eps,min_pts,n_clusters,silhouette_score
0.2,3,8,0.11942204071752573
0.2,4,4,0.16850778963050836
0.2,5,3,0.21274435438418138
0.3,3,3,0.3381870601449919
0.3,4,3,0.3381870601449919
0.3,5,3,0.31939769735526363
0.4,3,1,N/A
0.4,4,1,N/A
0.4,5,1,N/A
0.5,3,1,N/A
0.5,4,1,N/A
0.5,5,1,N/A
